month,role,atm_median,spread_median,observations
2010-01-01,source,12.73,0.4749999999999996,147
2010-01-01,target,17.1,1.2499999999999982,105
2010-02-01,source,12.342500000000001,0.4799999999999986,140
2010-02-01,target,16.9875,1.1499999999999986,100
2010-03-01,source,11.65,0.4000000000000003,161
2010-03-01,target,14.64,1.0000000000000018,115
2010-04-01,source,11.29375,0.4000000000000003,154
2010-04-01,target,13.969999999999999,1.0,110
2010-05-01,source,14.3725,0.625,147
2010-05-01,target,17.118,1.5,105
2010-06-01,source,13.785,0.5999999999999996,154
2010-06-01,target,17.64875,1.0050000000000026,110
2010-07-01,source,12.462499999999999,0.5050000000000008,154
2010-07-01,target,15.7425,1.004999999999999,110
2010-08-01,source,11.99,0.4499999999999993,154
2010-08-01,target,14.86125,0.6550000000000011,110
2010-09-01,source,11.91625,0.3999999999999986,154
2010-09-01,target,14.04125,0.504999999999999,110
2010-10-01,source,12.8175,0.3850000000000015,147
2010-10-01,target,14.73,0.5050000000000008,105
2010-11-01,source,12.75,0.3925000000000009,154
2010-11-01,target,14.805,0.5,110
2010-12-01,source,12.125,0.4000000000000003,161
2010-12-01,target,14.3825,0.5749999999999993,113
2011-01-01,source,11.8275,0.3800000000000008,147
2011-01-01,target,14.3125,0.5500000000000007,105
2011-02-01,source,11.07,0.3499999999999996,140
2011-02-01,target,14.175,0.7899999999999991,104
2011-03-01,source,11.1425,0.4000000000000003,161
2011-03-01,target,13.56,0.7850000000000001,135
2011-04-01,source,11.2125,0.3800000000000008,147
2011-04-01,target,13.095,0.7899999999999991,117
2011-05-01,source,12.0425,0.3999999999999986,154
2011-05-01,target,13.42625,0.7150000000000007,132
2011-06-01,source,11.815,0.3850000000000007,154
2011-06-01,target,14.0275,0.7024999999999997,132
2011-07-01,source,11.7775,0.4000000000000003,147
2011-07-01,target,13.865,0.6749999999999998,126
2011-08-01,source,13.2625,0.5,161
2011-08-01,target,16.85125,0.7925000000000004,138
2011-09-01,source,15.25875,0.5050000000000008,154
2011-09-01,target,18.46,1.1050000000000004,132
2011-10-01,source,14.6975,0.6999999999999993,147
2011-10-01,target,21.5365,1.5199999999999996,126
2011-11-01,source,15.7275,0.6000000000000014,154
2011-11-01,target,22.1265,1.3900000000000006,132
2011-12-01,source,14.2775,0.5999999999999996,154
2011-12-01,target,20.1175,1.3825000000000007,132
2012-01-01,source,12.26,0.5,154
2012-01-01,target,16.055,1.2400000000000002,132
2012-02-01,source,10.99,0.4949999999999992,147
2012-02-01,target,14.87025,0.9700000000000006,126
2012-03-01,source,10.5475,0.455,154
2012-03-01,target,14.11125,1.0024999999999995,132
2012-04-01,source,10.3,0.4049999999999993,147
2012-04-01,target,13.925,0.9199999999999999,126
2012-05-01,source,10.47,0.450000000000001,161
2012-05-01,target,15.223749999999999,0.8499999999999996,138
2012-06-01,source,11.095,0.4250000000000007,147
2012-06-01,target,17.01775,0.9375,126
2012-07-01,source,10.274999999999999,0.4000000000000003,154
2012-07-01,target,14.941500000000001,1.0149999999999997,132
2012-08-01,source,9.73,0.4000000000000003,161
2012-08-01,target,15.006499999999999,0.8100000000000005,138
2012-09-01,source,8.81625,0.4000000000000003,140
2012-09-01,target,14.099,0.8350000000000009,120
2012-10-01,source,8.145,0.3999999999999986,161
2012-10-01,target,11.9,0.7949999999999999,138
2012-11-01,source,7.46,0.3999999999999994,154
2012-11-01,target,11.158999999999999,0.9575000000000005,132
2012-12-01,source,7.55,0.375,147
2012-12-01,target,10.98875,0.8274999999999988,126
2013-01-01,source,7.65,0.375,161
2013-01-01,target,10.55,0.7050000000000001,137
2013-02-01,source,8.39125,0.4000000000000003,140
2013-02-01,target,10.824,0.8400000000000007,120
2013-03-01,source,8.275,0.4000000000000003,147
2013-03-01,target,10.495000000000001,0.8925000000000001,126
2013-04-01,source,8.006250000000001,0.3999999999999994,154
2013-04-01,target,10.915,1.0499999999999998,132
2013-05-01,source,8.67,0.3849999999999998,161
2013-05-01,target,11.6275,1.0,138
2013-06-01,source,10.651250000000001,0.4025000000000007,140
2013-06-01,target,13.615,1.3074999999999992,120
2013-07-01,source,9.8125,0.4000000000000003,161
2013-07-01,target,12.89875,1.0724999999999998,138
2013-08-01,source,9.6425,0.3999999999999986,154
2013-08-01,target,12.60375,1.0075000000000003,132
2013-09-01,source,9.0225,0.3999999999999994,147
2013-09-01,target,13.036249999999999,1.0700000000000003,126
2013-10-01,source,8.26,0.375,161
2013-10-01,target,11.3725,0.9849999999999994,138
2013-11-01,source,7.8175,0.3499999999999996,147
2013-11-01,target,10.94875,0.9475,126
2013-12-01,source,8.295,0.3549999999999995,154
2013-12-01,target,11.4525,0.7924999999999995,132
2014-01-01,source,8.295,0.3549999999999995,161
2014-01-01,target,11.2965,0.9950000000000001,138
2014-02-01,source,8.06375,0.3624999999999994,140
2014-02-01,target,12.31275,0.9449999999999994,120
2014-03-01,source,7.655,0.3499999999999996,147
2014-03-01,target,11.17,0.8324999999999996,126
2014-04-01,source,6.856249999999999,0.3425000000000002,154
2014-04-01,target,9.88875,0.7925000000000004,132
2014-05-01,source,6.41,0.3275000000000001,154
2014-05-01,target,8.74375,0.8499999999999996,132
2014-06-01,source,5.875,0.3250000000000002,147
2014-06-01,target,8.32,0.8450000000000006,126
2014-07-01,source,5.4925,0.3499999999999996,161
2014-07-01,target,7.8965,0.8499999999999996,138
2014-08-01,source,5.8625,0.3500000000000005,147
2014-08-01,target,8.7775,0.7550000000000002,126
2014-09-01,source,7.52625,0.3850000000000007,154
2014-09-01,target,9.588750000000001,0.6500000000000004,132
2014-10-01,source,7.7825,0.3950000000000004,161
2014-10-01,target,9.58625,0.7000000000000011,138
2014-11-01,source,8.92375,0.4000000000000003,140
2014-11-01,target,9.7625,0.7025000000000006,120
2014-12-01,source,9.49,0.4399999999999995,161
2014-12-01,target,11.059999999999999,0.9525000000000006,138
2015-01-01,source,10.69375,0.49999999999999956,154
2015-01-01,target,12.596250000000001,0.8499999999999996,132
2015-02-01,source,10.6675,0.5050000000000008,140
2015-02-01,target,12.755,0.8174999999999999,120
2015-03-01,source,11.235,0.5,154
2015-03-01,target,13.037500000000001,0.9849999999999994,132
2015-04-01,source,11.26375,0.5,154
2015-04-01,target,13.64375,1.0,132
2015-05-01,source,11.0125,0.450000000000001,147
2015-05-01,target,13.463750000000001,0.9500000000000002,126
2015-06-01,source,11.3325,0.4300000000000006,154
2015-06-01,target,13.49,0.9500000000000002,132
2015-07-01,source,10.2775,0.450000000000001,161
2015-07-01,target,12.10875,0.8949999999999996,138
2015-08-01,source,10.015,0.5,147
2015-08-01,target,12.3065,0.9425,126
2015-09-01,source,10.786249999999999,0.504999999999999,154
2015-09-01,target,13.05,0.9375,132
2015-10-01,source,9.49,0.4800000000000004,154
2015-10-01,target,11.93,0.9424999999999998,132
2015-11-01,source,11.1825,0.4900000000000002,147
2015-11-01,target,12.18125,0.8875000000000002,126
2015-12-01,source,9.925,0.5,161
2015-12-01,target,11.26875,0.9450000000000004,138
2016-01-01,source,10.015,0.5,147
2016-01-01,target,11.85,0.9450000000000004,126
2016-02-01,source,11.2775,0.5,147
2016-02-01,target,12.57875,0.955,126
2016-03-01,source,10.6725,0.5,161
2016-03-01,target,12.05125,0.9000000000000004,138
2016-04-01,source,11.22,0.5,147
2016-04-01,target,11.615,0.9849999999999994,126
2016-05-01,source,11.35125,0.4924999999999997,154
2016-05-01,target,11.719999999999999,0.8999999999999995,132
2016-06-01,source,11.46125,0.5999999999999996,154
2016-06-01,target,12.0425,0.9925000000000006,132
2016-07-01,source,11.23,0.5549999999999997,147
2016-07-01,target,11.46625,1.317499999999999,126
2016-08-01,source,10.24,0.5,161
2016-08-01,target,10.805,1.0999999999999996,138
2016-09-01,source,9.875,0.4799999999999995,154
2016-09-01,target,10.3275,1.0849999999999993,132
2016-10-01,source,9.9825,0.495000000000001,147
2016-10-01,target,10.54625,1.2749999999999995,126
2016-11-01,source,10.29375,0.5,154
2016-11-01,target,12.76875,1.75,132
2016-12-01,source,10.53875,0.5999999999999992,154
2016-12-01,target,13.8825,1.5,132
2017-01-01,source,10.35625,0.5274999999999999,154
2017-01-01,target,13.89625,1.5750000000000002,132
2017-02-01,source,10.120000000000001,0.4725000000000001,140
2017-02-01,target,13.375,1.4875000000000007,120
2017-03-01,source,9.1975,0.450000000000001,161
2017-03-01,target,12.911249999999999,1.2074999999999987,138
2017-04-01,source,8.618749999999999,0.4500000000000006,140
2017-04-01,target,12.120000000000001,1.1674999999999995,120
2017-05-01,source,7.745,0.4000000000000003,161
2017-05-01,target,10.78875,1.0575,138
2017-06-01,source,7.635,0.4000000000000003,154
2017-06-01,target,10.10275,1.0175,132
2017-07-01,source,7.725,0.3999999999999994,147
2017-07-01,target,10.195,0.9699999999999998,126
2017-08-01,source,8.0075,0.4050000000000002,161
2017-08-01,target,9.833749999999998,0.9025000000000007,138
2017-09-01,source,8.515,0.4250000000000007,147
2017-09-01,target,9.934000000000001,0.8999999999999986,126
2017-10-01,source,8.035,0.4049999999999993,154
2017-10-01,target,9.625,0.92,132
2017-11-01,source,7.46,0.4000000000000003,154
2017-11-01,target,10.0465,0.995000000000001,132
2017-12-01,source,7.1475,0.4249999999999998,147
2017-12-01,target,10.165,0.9500000000000002,126
2018-01-01,source,7.445,0.4049999999999993,161
2018-01-01,target,10.2025,0.892500000000001,138
2018-02-01,source,8.7325,0.455,140
2018-02-01,target,10.625,0.8975,120
2018-03-01,source,8.092500000000001,0.4000000000000003,154
2018-03-01,target,9.74,0.8499999999999996,132
2018-04-01,source,7.4475,0.3999999999999994,147
2018-04-01,target,10.2325,0.8499999999999996,126
2018-05-01,source,7.425,0.3999999999999994,161
2018-05-01,target,12.145,0.8375000000000004,138
2018-06-01,source,7.515,0.4000000000000003,147
2018-06-01,target,12.77,0.870000000000001,126
2018-07-01,source,7.455,0.3999999999999994,154
2018-07-01,target,11.955,0.8274999999999997,132
2018-08-01,source,7.6525,0.3999999999999994,161
2018-08-01,target,11.9635,0.902499999999999,138
2018-09-01,source,7.44375,0.3900000000000001,140
2018-09-01,target,11.3775,1.012500000000001,120
2018-10-01,source,7.4325,0.3699999999999992,161
2018-10-01,target,10.8625,0.8600000000000003,138
2018-11-01,source,7.358750000000001,0.36000000000000076,154
2018-11-01,target,12.3,0.8500000000000014,132
2018-12-01,source,7.63,0.4050000000000002,147
2018-12-01,target,11.846250000000001,0.8250000000000011,126
2019-01-01,source,7.9075,0.3799999999999999,161
2019-01-01,target,10.925,0.8149999999999995,138
2019-02-01,source,6.733750000000001,0.3499999999999996,140
2019-02-01,target,10.085,0.815,120
2019-03-01,source,6.225,0.3000000000000007,147
2019-03-01,target,8.989999999999998,0.8250000000000006,126
2019-04-01,source,5.69375,0.33249999999999996,154
2019-04-01,target,8.932500000000001,0.8449999999999998,132
2019-05-01,source,6.5075,0.3849999999999998,161
2019-05-01,target,8.7375,0.9175000000000004,138
2019-06-01,source,6.585,0.36499999999999977,140
2019-06-01,target,9.011,0.8274999999999997,120
2019-07-01,source,5.915,0.3099999999999996,161
2019-07-01,target,8.44775,0.9199999999999998,138
2019-08-01,source,7.715,0.4350000000000005,154
2019-08-01,target,9.313500000000001,0.875,132
2019-09-01,source,6.6275,0.3999999999999994,147
2019-09-01,target,9.1365,0.7999999999999998,126
2019-10-01,source,6.0725,0.3149999999999995,161
2019-10-01,target,8.6975,0.7549999999999994,138
2019-11-01,source,5.785,0.2500000000000004,147
2019-11-01,target,8.0875,0.7949999999999995,126
2019-12-01,source,5.407500000000001,0.2999999999999998,154
2019-12-01,target,7.340999999999999,0.7549999999999999,132
2020-01-01,source,5.34,0.2799999999999993,161
2020-01-01,target,7.165,0.7450000000000001,138
2020-02-01,source,5.69125,0.3274999999999997,140
2020-02-01,target,7.574,0.8000000000000003,120
2020-03-01,source,10.765,1.3600000000000012,154
2020-03-01,target,13.945,1.5,132
2020-04-01,source,8.965,0.8574999999999995,154
2020-04-01,target,15.639,1.5474999999999985,132
2020-05-01,source,7.825,0.4849999999999994,147
2020-05-01,target,13.309999999999999,1.2525000000000013,126
2020-06-01,source,7.45,0.43250000000000055,154
2020-06-01,target,11.681249999999999,1.3475000000000001,132
2020-07-01,source,7.125,0.4050000000000002,161
2020-07-01,target,11.5075,1.1950000000000005,138
2020-08-01,source,8.37,0.415,147
2020-08-01,target,12.915,0.9999999999999991,126
2020-09-01,source,8.36,0.4000000000000003,154
2020-09-01,target,13.174,1.0249999999999986,132
2020-10-01,source,7.42375,0.3999999999999994,154
2020-10-01,target,14.0575,1.049999999999999,132
2020-11-01,source,6.79,0.4000000000000003,147
2020-11-01,target,12.731,0.9949999999999992,126
2020-12-01,source,6.9225,0.3999999999999994,161
2020-12-01,target,12.20225,0.9025000000000007,138
2021-01-01,source,6.84,0.3999999999999994,147
2021-01-01,target,12.2975,0.8025000000000002,126
2021-02-01,source,6.8125,0.38999999999999924,140
2021-02-01,target,11.574,0.7175000000000011,120
2021-03-01,source,7.015,0.3999999999999986,161
2021-03-01,target,12.530249999999999,0.8550000000000004,138
2021-04-01,source,6.455,0.3849999999999998,154
2021-04-01,target,10.940249999999999,0.7900000000000009,132
2021-05-01,source,6.7,0.3249999999999993,147
2021-05-01,target,10.216249999999999,0.7799999999999994,126
2021-06-01,source,6.27125,0.2999999999999998,154
2021-06-01,target,9.748750000000001,0.75,132
2021-07-01,source,6.59,0.2999999999999998,154
2021-07-01,target,10.058499999999999,0.7149999999999999,132
2021-08-01,source,6.44625,0.2999999999999998,154
2021-08-01,target,9.72475,0.7000000000000002,132
2021-09-01,source,6.4125,0.2999999999999998,154
2021-09-01,target,9.225999999999999,0.6949999999999994,132
2021-10-01,source,6.56,0.2999999999999998,147
2021-10-01,target,9.67975,0.6999999999999993,126
2021-11-01,source,6.98875,0.3174999999999999,154
2021-11-01,target,10.646,0.7849999999999993,132
2021-12-01,source,6.885,0.375,161
2021-12-01,target,11.44875,0.7899999999999991,138
2022-01-01,source,6.485,0.3500000000000014,147
2022-01-01,target,10.825,0.7025000000000006,126
2022-02-01,source,6.96,0.3575000000000004,140
2022-02-01,target,11.192250000000001,0.9000000000000004,120
2022-03-01,source,8.09,0.4000000000000003,161
2022-03-01,target,14.8875,1.0099999999999998,138
2022-04-01,source,8.43,0.3999999999999986,147
2022-04-01,target,14.20375,1.2049999999999992,126
2022-05-01,source,10.015,0.4000000000000003,154
2022-05-01,target,15.219999999999999,1.0300000000000002,132
2022-06-01,source,10.10625,0.3924999999999992,154
2022-06-01,target,15.12125,1.3000000000000007,132
2022-07-01,source,11.085,0.375,147
2022-07-01,target,16.205,1.3500000000000005,126
2022-08-01,source,10.46,0.3499999999999996,161
2022-08-01,target,15.5375,1.1399999999999997,138
2022-09-01,source,12.092500000000001,0.4000000000000003,154
2022-09-01,target,15.54,1.0850000000000017,132
2022-10-01,source,12.5725,0.5,147
2022-10-01,target,16.30875,1.102500000000001,126
2022-11-01,source,11.8575,0.4499999999999993,154
2022-11-01,target,15.245000000000001,0.9749999999999988,132
2022-12-01,source,10.51,0.49499999999999966,154
2022-12-01,target,13.0225,1.29,132
2023-01-01,source,10.283750000000001,0.4000000000000003,154
2023-01-01,target,13.276250000000001,0.9550000000000001,132
2023-02-01,source,9.95125,0.3949999999999996,140
2023-02-01,target,13.118749999999999,0.9749999999999996,120
2023-03-01,source,9.845,0.4250000000000007,161
2023-03-01,target,15.3315,1.0025000000000004,138
2023-04-01,source,8.395,0.38749999999999973,140
2023-04-01,target,13.575,0.9749999999999996,120
2023-05-01,source,8.0375,0.3800000000000008,161
2023-05-01,target,12.64025,1.049999999999999,138
2023-06-01,source,7.865,0.3899999999999997,154
2023-06-01,target,11.5185,0.8750000000000009,132
2023-07-01,source,7.965,0.4000000000000003,147
2023-07-01,target,11.625,0.7750000000000004,126
2023-08-01,source,7.935,0.4000000000000003,161
2023-08-01,target,13.3225,0.9750000000000005,138
2023-09-01,source,8.005,0.375,147
2023-09-01,target,13.036,0.9775,126
2023-10-01,source,8.12625,0.3949999999999996,154
2023-10-01,target,13.59625,0.8375000000000004,132
2023-11-01,source,7.28875,0.3499999999999996,154
2023-11-01,target,12.01025,0.75,132
2023-12-01,source,7.29,0.4000000000000003,147
2023-12-01,target,11.995999999999999,1.004999999999999,126
2024-01-01,source,7.275,0.3000000000000007,161
2024-01-01,target,10.97875,1.0499999999999998,138
2024-02-01,source,6.985,0.3899999999999997,147
2024-02-01,target,9.8975,1.005,126
2024-03-01,source,6.34,0.3899999999999997,147
2024-03-01,target,9.27875,1.0,126
2024-04-01,source,6.8975,0.4050000000000002,154
2024-04-01,target,10.0375,0.8999999999999995,132
2024-05-01,source,6.505,0.3899999999999997,161
2024-05-01,target,9.73125,0.9375,138
2024-06-01,source,6.57375,0.43000000000000016,140
2024-06-01,target,11.565000000000001,1.13,120
2024-07-01,source,6.325,0.4300000000000006,161
2024-07-01,target,11.159749999999999,0.9749999999999996,138
2024-08-01,source,8.18875,0.5999999999999996,154
2024-08-01,target,11.86,1.0,132
2024-09-01,source,7.835,0.5149999999999997,147
2024-09-01,target,11.325,0.9575000000000005,126
2024-10-01,source,7.575,0.5,161
2024-10-01,target,12.096250000000001,1.0,138
2024-11-01,source,7.76,0.5249999999999995,147
2024-11-01,target,12.615,0.9299999999999997,126
2024-12-01,source,8.192499999999999,0.5099999999999998,154
2024-12-01,target,12.379999999999999,1.0874999999999995,132
2025-01-01,source,8.5925,0.5,161
2025-01-01,target,11.967500000000001,0.9675000000000002,138
2025-02-01,source,7.88,0.5,140
2025-02-01,target,11.629999999999999,1.0,120
2025-03-01,source,7.62,0.4849999999999994,147
2025-03-01,target,11.9475,0.8624999999999998,126
2025-04-01,source,9.7575,0.6900000000000004,154
2025-04-01,target,12.80375,0.9474999999999998,132
2025-05-01,source,9.39625,0.5500000000000007,154
2025-05-01,target,11.42875,0.9000000000000004,132
2025-06-01,source,8.815,0.5300000000000011,147
2025-06-01,target,10.739999999999998,1.0099999999999998,126
2025-07-01,source,8.175,0.4499999999999993,161
2025-07-01,target,10.171,0.8999999999999986,138
2025-08-01,source,7.86,0.4499999999999993,147
2025-08-01,target,9.969999999999999,0.9874999999999998,126
2025-09-01,source,7.7125,0.4499999999999993,154
2025-09-01,target,9.89125,0.9625000000000004,132
2025-10-01,source,7.29,0.4500000000000002,161
2025-10-01,target,9.302,1.0724999999999998,138
2025-11-01,source,7.215,0.4224999999999994,140
2025-11-01,target,8.90375,1.0375000000000003,120
2025-12-01,source,6.645,0.4199999999999999,161
2025-12-01,target,8.745000000000001,1.0875,138
2026-01-01,source,7.27125,0.4250000000000007,154
2026-01-01,target,9.02125,0.8600000000000003,132
2026-02-01,source,8.13125,0.4250000000000007,140
2026-02-01,target,10.13525,0.8749999999999996,120
2026-03-01,source,8.260000000000002,0.5,154
2026-03-01,target,13.125,1.0,132
2026-04-01,source,7.575,0.3999999999999986,154
2026-04-01,target,11.526250000000001,1.0,132
2026-05-01,source,7.005,0.3399999999999998,147
2026-05-01,target,10.31625,0.9999999999999992,126
2026-06-01,source,6.625,0.3499999999999996,77
2026-06-01,target,9.675,1.0,66
